site,alpha,beta,p-value
1,1.937,0.280,0.8776
2,0.720,0.213,0.8365
3,0.398,0.084,0.4277
4,1.113,0.255,0.6575
5,1.908,2.430,0.6885
6,0.922,0.303,0.5005
7,1.363,0.313,0.4082
8,1.188,0.342,0.3365
9,0.331,0.103,0.3954
10,1.669,0.513,0.9661
11,1.399,0.259,0.4344
12,0.321,0.448,0.8078
13,0.368,0.129,0.2386
14,1.132,0.200,0.9189
15,0.881,0.185,0.3460
16,1.988,0.224,0.2972
17,1.630,2.618,0.4173
18,0.721,0.380,0.8564
19,0.506,0.167,0.8351
20,1.987,0.867,0.7305
21,0.319,0.110,0.7170
22,0.615,0.297,0.7647
23,1.270,0.313,0.6231
24,0.718,0.426,0.2807
25,1.414,0.332,0.8933
26,1.705,0.388,0.3037
27,0.322,0.102,0.7629
28,0.663,0.163,0.6564
29,1.192,0.487,0.3156
30,0.330,0.085,0.6443
31,1.257,0.700,0.9368
32,1.340,0.222,0.8109
33,0.938,0.418,0.9310
34,1.621,0.324,0.7751
35,0.373,0.143,0.7166
36,0.699,0.274,0.6850
37,1.251,0.589,0.3015
38,0.820,0.071,0.5022
39,1.639,0.839,0.9752
40,1.025,0.447,0.8840
41,1.494,0.072,0.8852
42,1.168,0.591,0.7212
43,1.344,0.668,0.3107
44,1.645,0.330,0.3670
45,1.529,0.818,0.7068
46,1.949,0.733,0.8058
47,1.156,0.236,0.6760
48,0.584,0.246,0.2952
49,1.573,0.583,0.4718
50,1.877,2.882,0.3604
51,0.898,0.457,0.8111
52,1.913,0.188,0.5212
53,1.895,0.851,0.9978
54,0.378,0.117,0.2366
55,1.667,1.000,0.5192
56,0.485,0.040,0.4914
57,0.596,0.052,0.9699
58,0.815,3.444,0.0105
59,1.707,6.445,0.0188
60,1.530,0.887,0.6784
61,1.315,0.710,0.9355
62,1.341,0.074,0.7959
63,0.918,8.075,0.0273
64,1.980,6.411,0.0199
65,1.603,14.286,0.0070
66,0.321,0.030,0.2792
67,0.517,0.174,0.8255
68,1.916,0.436,0.6187
69,1.298,0.097,0.3859
70,0.689,0.299,0.4835
71,1.939,0.368,0.6928
72,1.846,0.889,0.7711
73,0.382,0.051,0.8504
74,1.809,0.609,0.4129
75,0.706,0.161,0.3357
76,1.661,0.638,0.3618
77,1.661,0.795,0.5760
78,1.410,1.530,0.5791
79,1.579,0.679,0.5217
80,0.347,0.089,0.3486
81,0.394,0.188,0.4712
82,1.924,0.054,0.8104
83,0.872,1.171,0.6674
84,1.976,0.943,0.6361
85,1.295,0.362,0.5627
86,0.477,0.023,0.9396
87,1.088,0.098,0.3812
88,0.986,0.227,0.3990
89,0.478,0.095,0.4901
90,0.473,0.045,0.4873
91,0.421,0.442,0.4325
92,0.667,0.157,0.8348
93,1.784,0.338,0.2599
94,1.000,0.573,0.5015
95,0.848,0.242,0.8049
96,1.984,0.680,0.4036
97,0.351,0.021,0.5264
98,0.472,0.047,0.3190
99,0.895,0.460,0.2856
100,1.331,0.389,0.5128
101,0.757,1.479,0.4613
102,1.585,0.918,0.8850
103,1.574,0.199,0.4858
104,0.305,0.135,0.5205
105,1.795,2.566,0.5611
106,0.346,0.156,0.3044
107,0.735,0.211,0.2626
108,1.184,0.044,0.7193
109,1.487,0.209,0.2518
110,1.426,0.775,0.5545
111,1.162,2.238,0.1724
112,0.831,0.156,0.4509
113,0.354,0.055,0.2741
114,1.265,0.508,0.9898
115,0.958,0.551,0.3361
116,0.654,0.346,0.3378
117,1.270,0.568,0.7770
118,1.263,0.375,0.3610
119,1.663,2.311,0.4510
120,1.224,0.269,0.3029
121,0.648,0.180,0.8738
122,1.140,0.550,0.8269
123,0.677,0.093,0.9855
124,1.103,0.478,0.4675
125,1.642,0.091,0.2288
126,1.721,0.321,0.2513
127,1.748,0.424,0.8175
128,1.601,2.029,0.1175
129,1.861,0.328,0.4049
130,1.782,0.445,0.4660
131,1.012,0.151,0.5489
132,1.154,0.185,0.6050
133,0.607,0.041,0.4335
134,0.350,0.098,0.3995
135,0.386,0.684,0.7081
136,0.894,0.125,0.3764
137,0.606,0.259,0.4473
138,0.304,0.159,0.7483
139,0.492,0.245,0.6518
140,0.900,0.531,0.7601
141,1.130,0.041,0.3936
142,0.878,0.256,0.9745
143,1.517,0.789,0.3454
144,1.419,0.505,0.7294
145,0.651,0.376,0.8908
146,1.270,0.691,0.7083
147,0.702,0.269,0.7071
148,0.724,0.115,0.8541
149,1.205,0.086,0.4037
150,1.267,0.126,0.2008
151,0.709,0.036,0.5924
152,0.361,0.151,0.7888
153,0.709,0.195,0.9321
154,1.603,1.537,0.2955
155,1.469,0.739,0.6879
156,1.867,0.144,0.9113
157,1.108,0.153,0.3484
158,0.765,0.122,0.8330
159,1.869,0.735,0.7554
160,0.780,0.445,0.4508
161,0.966,0.271,0.6958
162,1.082,0.362,0.4922
163,0.328,0.030,0.4652
164,0.511,0.785,0.5026
165,1.785,0.846,0.3222
166,0.418,0.090,0.9426
167,1.834,0.218,0.7489
168,1.670,0.755,0.7264
169,1.479,0.818,0.3830
170,1.302,0.589,0.5049
171,0.520,0.058,0.7225
172,0.863,0.024,0.5458
173,0.578,0.302,0.2234
174,1.292,0.185,0.5824
175,1.059,0.165,0.6444
176,0.599,0.254,0.8080
177,0.924,0.398,0.8018
178,0.356,0.128,0.2147
179,0.387,0.230,0.5488
180,0.796,0.360,0.2983
181,0.433,2.663,0.0145
182,0.608,0.042,0.9739
183,1.770,7.836,0.0165
184,1.172,7.431,0.0039
185,1.725,5.226,0.0114
186,0.301,0.082,0.7553
187,1.824,0.131,0.3262
188,1.796,0.750,0.8174
189,1.733,0.085,0.8427
190,0.726,0.308,0.8227
191,1.593,0.457,0.7793
192,0.516,0.253,0.7224
193,1.143,0.284,0.6889
194,1.937,0.781,0.8072
195,0.707,0.351,0.4515
196,1.768,0.748,0.7629
197,1.398,2.541,0.8048
198,1.981,1.111,0.2841
199,0.341,0.068,0.2826
200,1.688,0.056,0.9512
201,1.010,0.232,0.3605
202,1.456,0.055,0.8589
203,1.629,0.444,0.9429
204,0.691,0.918,0.4079
205,1.408,0.132,0.7757
206,0.656,0.300,0.3774
207,1.918,0.891,0.8657
208,1.842,2.099,0.5517
209,1.285,0.399,0.8859
210,1.788,0.599,0.4167
211,1.151,0.207,0.9228
212,0.711,0.407,0.6219
213,1.666,0.154,0.7647
214,0.372,0.068,0.2409
215,1.344,0.756,0.2688
216,1.953,1.070,0.5353
217,1.792,0.758,0.8262
218,0.971,0.332,0.9829
219,1.299,0.299,0.2651
220,1.275,0.285,0.8786
221,1.604,0.892,0.8593
222,0.689,0.369,0.4438
223,1.118,1.637,0.7606
224,1.355,0.483,0.9547
225,1.852,0.640,0.9041
226,1.197,0.592,0.9659
227,1.258,2.184,0.4174
228,0.758,1.034,0.6553
229,1.522,0.715,0.3535
230,1.407,1.331,0.8241
231,0.986,0.479,0.2025
232,0.899,0.192,0.6143
233,0.616,0.114,0.6568
234,1.264,0.342,0.7036
235,0.575,0.044,0.6437
236,1.183,0.571,0.4181
237,1.204,0.137,0.9368
238,0.714,0.036,0.8608
239,1.949,0.777,0.3349
240,0.566,0.296,0.7093
241,0.547,0.218,0.6441
242,0.659,0.182,0.9546
243,0.831,0.140,0.6473
244,0.848,0.458,0.9512
245,1.148,1.478,0.8072
246,1.985,0.760,0.4761
247,1.487,0.708,0.8941
248,1.621,0.946,0.5152
249,1.419,0.551,0.6164
250,1.537,0.827,0.6827
251,0.384,0.203,0.8121
252,1.170,0.544,0.3356
253,0.839,0.444,0.8987
254,1.935,0.863,0.6467
255,0.742,0.085,0.8480
256,0.951,0.455,0.4635
257,0.702,0.119,0.3513
258,1.243,0.219,0.5908
259,1.670,0.223,0.3961
260,1.951,0.819,0.8318
261,1.245,0.595,0.4700
262,1.180,0.484,0.5479
263,1.638,0.415,0.2985
264,0.498,0.294,0.3335
265,1.917,1.810,0.1722
266,0.543,0.104,0.3289
267,0.545,0.317,0.2454
268,1.713,0.062,0.5314
269,0.484,0.083,0.4730
270,0.884,0.503,0.3004
271,1.090,0.310,0.3964
272,1.665,0.323,0.3061
273,0.450,0.165,0.4512
274,1.098,0.093,0.4100
275,1.650,0.745,0.5729
276,0.853,0.356,0.9359
277,1.310,0.406,0.4862
278,0.350,0.135,0.8646
279,1.952,0.225,0.6694
280,1.822,0.429,0.9573
281,0.541,0.233,0.9530
282,1.363,2.343,0.2430
283,0.745,0.128,0.4579
284,0.435,0.009,0.4949
285,1.126,0.576,0.9559
286,0.840,0.053,0.9346
287,1.587,0.575,0.5708
288,0.368,0.205,0.2443
289,1.558,0.906,0.5791
290,0.438,0.085,0.5856
291,1.145,0.291,0.4255
292,0.659,0.147,0.2747
293,1.552,0.222,0.9036
294,1.121,0.036,0.4235
295,0.763,0.420,0.4501
296,0.631,0.933,0.8858
297,1.103,0.254,0.5008
298,1.726,0.385,0.7297
299,1.954,0.528,0.4494
300,0.403,0.182,0.8814
